<?xml version="1.0" encoding="UTF-8" standalone="yes"?>
<addon id="libertarianismo.tv" name="[COLOR yellow][B]Libertarianismo.tv[/B][/COLOR]" version="1.0.0" provider-name="Joel"> 
    <requires>
        <import addon="script.module.kodi-six" />
		<import addon="script.module.requests"/>
    </requires>  
    <extension point="xbmc.python.pluginsource" library="default.py">
        <provides>video</provides>
    </extension>
    <extension point="xbmc.addon.metadata">
		<summary lang="pt">Libertarianismo TV é um addon que exibe teorias economicas e como se livrar do peso do estado</summary>
		<description lang="pt">Addon sobre o libertarianimo de forma pratica, Todos os videos estão no youtube</description>
        <platform>all</platform>
        <disclaimer>The author of this addon do not host any of the content which is found and have no affiliation with any of the content providers. This addon simply searches websites for content. Use at your own risk!</disclaimer>
        <assets>
            <icon>icon.png</icon>
            <fanart>fanart.png</fanart>
        </assets>
    </extension>
</addon>    